date,run_ts,snapshot_ts,recorded_ts,event,run_id,run_attempt,sha,outcome,elapsed_s,budget_s,budget_skipped,cg_plan,markets_fetched,markets_unique,scored,persisted,xsec_rows,perp_rows,nightly_step,rwa_gate,parity_gate,crypto_gate,atr_gate,crypto_publish,rwa_publish,rwa_status,signals_latest,xsec_latest,perp_as_of,walkforward_to,rwa_date,spec_hash
2026-09-24,2026-09-24T11:49:58+00:00,2026-09-24T11:50:03+00:00,2026-09-24T11:53:18+00:00,schedule,35995319019,1,e8c94dbf447f,completed,195.3,660.0,,demo,250,250,235,50,235,235,success,success,success,success,success,commit,commit,degraded,2026-09-24,2026-09-24,2026-09-24,2026-09-24,2026-09-24,91bbc2a7e466
2026-09-25,2026-09-25T11:54:25+00:00,2026-09-25T11:54:30+00:00,2026-09-25T11:57:53+00:00,schedule,36131927210,1,e584c437c40b,completed,195.4,660.0,,demo,250,250,235,50,235,235,success,success,success,success,success,commit,commit,complete,2026-09-25,2026-09-25,2026-09-25,2026-09-25,2026-09-25,91bbc2a7e466
2026-09-26,2026-09-26T11:28:15+00:00,2026-09-26T11:28:20+00:00,2026-09-26T11:31:51+00:00,schedule,36238908058,1,4d156d9bdc14,completed,212.2,660.0,,demo,250,250,235,50,235,235,success,success,success,success,success,commit,commit,complete,2026-09-26,2026-09-26,2026-09-26,2026-09-26,2026-09-26,91bbc2a7e466
2026-09-27,2026-09-27T12:06:36+00:00,2026-09-27T12:06:43+00:00,2026-09-27T12:09:50+00:00,schedule,36317889632,1,40c64eec0f0b,completed,189.4,660.0,,demo,250,250,235,50,235,235,success,success,success,success,success,commit,commit,complete,2026-09-27,2026-09-27,2026-09-27,2026-09-27,2026-09-27,91bbc2a7e466
2026-09-28,2026-09-28T14:00:15+00:00,2026-09-28T14:00:20+00:00,2026-09-28T14:03:35+00:00,schedule,36432671334,1,6db8f9e30117,completed,193.8,660.0,,demo,250,250,235,50,235,235,success,success,success,success,success,commit,commit,complete,2026-09-28,2026-09-28,2026-09-28,2026-09-28,2026-09-28,91bbc2a7e466
2026-09-29,2026-09-29T12:56:55+00:00,2026-09-29T12:57:00+00:00,2026-09-29T13:00:23+00:00,schedule,36571556674,1,297cb10fcf47,completed,203.2,660.0,,demo,250,250,235,50,235,235,success,success,success,success,success,commit,commit,degraded,2026-09-29,2026-09-29,2026-09-29,2026-09-29,2026-09-29,91bbc2a7e466
2026-09-30,2026-09-30T12:38:43+00:00,2026-09-30T12:38:47+00:00,2026-09-30T12:42:15+00:00,schedule,36716073639,1,4a4c353833f5,completed,202.7,660.0,,demo,250,250,235,50,235,235,success,success,success,success,success,commit,commit,degraded,2026-09-30,2026-09-30,2026-09-30,2026-09-30,2026-09-30,91bbc2a7e466
2026-10-01,2026-10-01T13:21:05+00:00,2026-10-01T13:21:09+00:00,2026-10-01T13:24:34+00:00,schedule,36868024887,1,0a0df9c4622f,completed,201.1,660.0,,demo,250,250,235,50,235,235,success,success,success,success,success,commit,commit,degraded,2026-10-01,2026-10-01,2026-10-01,2026-10-01,2026-10-01,91bbc2a7e466
2026-10-02,2026-10-02T12:40:16+00:00,2026-10-02T12:40:20+00:00,2026-10-02T12:43:45+00:00,schedule,37008060371,1,6e81d3efab5b,completed,200.5,660.0,,demo,250,250,235,50,235,235,success,success,success,success,success,commit,commit,degraded,2026-10-02,2026-10-02,2026-10-02,2026-10-02,2026-10-02,91bbc2a7e466
2026-10-03,2026-10-03T11:42:59+00:00,2026-10-03T11:43:03+00:00,2026-10-03T11:46:26+00:00,schedule,37120526575,1,e43be3b0ede0,completed,200.9,660.0,,demo,250,250,235,50,235,235,success,success,success,success,success,commit,commit,degraded,2026-10-03,2026-10-03,2026-10-03,2026-10-03,2026-10-03,91bbc2a7e466
2026-10-04,2026-10-04T12:25:10+00:00,2026-10-04T12:25:15+00:00,2026-10-04T12:28:38+00:00,schedule,37202021868,1,897b89ffe7bf,completed,201.6,660.0,,demo,250,250,235,50,235,235,success,success,success,success,success,commit,commit,degraded,2026-10-04,2026-10-04,2026-10-04,2026-10-04,2026-10-04,91bbc2a7e466
2026-10-05,2026-10-05T14:45:40+00:00,2026-10-05T14:45:45+00:00,2026-10-05T14:49:12+00:00,schedule,37327290968,1,96e9d519fa54,completed,205.9,660.0,,demo,250,250,235,50,235,235,success,success,success,success,success,commit,commit,degraded,2026-10-05,2026-10-05,2026-10-05,2026-10-05,2026-10-05,91bbc2a7e466
2026-10-06,2026-10-06T13:21:30+00:00,2026-10-06T13:21:34+00:00,2026-10-06T13:25:07+00:00,schedule,37470123938,1,c9020486e284,completed,195.8,660.0,,demo,250,250,235,50,235,235,success,success,success,success,success,commit,commit,degraded,2026-10-06,2026-10-06,2026-10-06,2026-10-06,2026-10-06,91bbc2a7e466
2026-10-07,2026-10-07T13:28:45+00:00,2026-10-07T13:28:50+00:00,2026-10-07T13:32:25+00:00,schedule,37628777081,1,2d1cbcffa190,completed,210.7,660.0,,demo,250,250,235,50,235,235,success,success,success,success,success,commit,commit,degraded,2026-10-07,2026-10-07,2026-10-07,2026-10-07,2026-10-07,91bbc2a7e466
2026-10-08,2026-10-08T13:34:35+00:00,2026-10-08T13:34:39+00:00,2026-10-08T13:38:09+00:00,schedule,37785402464,1,54c74b52097f,completed,204.6,660.0,,demo,250,250,235,50,235,235,success,success,success,success,success,commit,commit,degraded,2026-10-08,2026-10-08,2026-10-08,2026-10-08,2026-10-08,91bbc2a7e466
