date,category_id,name,mcap,volume_24h,turnover,chg24h,rs24h,coins_count
2026-08-19,politifi,PolitiFi,576531690.4870594,208274474.03345346,0.3613,22.039927960264503,14.77,
2026-08-19,cefi,CeFi,369631168.68894684,10221443.285605857,0.0277,19.29331460511832,12.03,
2026-08-19,decentralized-derivatives,Derivatives,17562947698.593067,1436129940.441134,0.0818,18.753890348701827,11.49,
2026-08-19,decentralized-perpetuals,Perpetuals,20137805083.54875,1576586376.683307,0.0783,16.503499297668288,9.24,
2026-08-19,stock-market-themed,Stock market-themed,356473160.3477698,10539932.232945435,0.0296,15.69476179495004,8.43,
2026-08-19,robinhood-chain-meme,Robinhood Chain Meme,361342263.5963263,71358155.56513596,0.1975,15.176101736285167,7.91,
2026-08-19,decentralized-exchange,Decentralized Exchange (DEX),26320293532.218143,2212042621.2445755,0.084,14.358994300787137,7.09,
2026-08-19,murad-picks,Murad Picks,472040031.15246075,30857855.39771201,0.0654,13.380139529662388,6.11,
2026-08-19,governance,Governance,33479327669.566326,3200659829.6646214,0.0956,12.83938686493652,5.57,
2026-08-19,identity,Decentralized Identifier (DID),1943310548.628635,269483404.7556554,0.1387,12.174113377433862,4.91,
2026-08-19,rollup,Rollup,1349248011.8522022,186363705.30658168,0.1381,11.902421161510173,4.64,
2026-08-19,ai-meme-coins,AI Meme,765329583.1284814,87183547.45698352,0.1139,11.818303194981853,4.55,
2026-08-19,superchain-ecosystem,Optimism Superchain Ecosystem,1594901165.2843711,281999589.33059675,0.1768,11.74880370935319,4.48,
2026-08-19,bstocks-ecosystem,bStocks Ecosystem,517724259.8418592,601019246.5858842,1.1609,11.64666583017581,4.38,
2026-08-19,frog-themed-coins,Frog-Themed,1669625463.959946,289948218.51410645,0.1737,11.335333481155951,4.07,
2026-08-19,the-boy-s-club,The Boy’s Club,1544045494.1732862,229042237.68825978,0.1483,11.309152970626556,4.04,
2026-08-19,meme-token,Meme,27788398925.95443,2170383501.69244,0.0781,11.177595629329828,3.91,
2026-08-19,x402-ecosystem,x402 Ecosystem,8679611557.218525,749023039.4716543,0.0863,10.548434399301156,3.28,
2026-08-19,oracle,Oracle,8663902171.56375,810582947.8686768,0.0936,10.416949588718738,3.15,
2026-08-19,chain-abstraction,Chain Abstraction,10302827322.520916,913693852.8807584,0.0887,10.368761289009132,3.1,
2026-08-19,privacy-infrastructure,Privacy Infrastructure,11926956274.643549,1025623943.7419151,0.086,10.161228411478392,2.89,
2026-08-19,cross-chain-communication,Cross-chain Communication,9137879991.917902,823082339.260385,0.0901,10.087633662799082,2.82,
2026-08-19,coinlist-launchpad,CoinList Launchpad,57630765270.29303,5016116339.324016,0.087,9.983373399730247,2.72,
2026-08-19,quantum-resistant,Quantum-Resistant,10649389202.692461,562871311.8826088,0.0529,9.974870708753102,2.71,
2026-08-19,rwa-protocol,RWA Protocol,10513638384.036797,1055522015.6067832,0.1004,9.7492500694983,2.48,
2026-08-19,binance-alpha-spotlight,Binance Alpha Spotlight,17334137044.80363,1580886616.794381,0.0912,9.720393986501366,2.45,
2026-08-19,decentralized-finance-defi,Decentralized Finance (DeFi),64321316833.76645,4967824963.952763,0.0772,9.661381286043472,2.39,
2026-08-19,solana-meme-coins,Solana Meme,2823642063.6610746,562328894.3975027,0.1992,9.571517070874295,2.3,
2026-08-19,binance-launchpool,Binance Launchpool,5143074888.344043,901594875.4044394,0.1753,9.454203273272148,2.19,
2026-08-19,mev-protection,MEV Protection,530428236.9248578,24549566.85407023,0.0463,9.411880799690675,2.14,
2026-08-19,cat-themed-coins,Cat-Themed,521707959.4644339,68037622.48319922,0.1304,8.854809708370514,1.59,
2026-08-19,zero-knowledge-zk,Zero Knowledge (ZK),12622545477.008564,765386223.1628702,0.0606,8.82178427560454,1.55,
2026-08-19,neobank,Neobank,2490546822.950736,170711140.9153116,0.0685,8.764887983984728,1.5,
2026-08-19,layer-1,Layer 1 (L1),1994301283831.089,84963259148.10045,0.0426,8.48985084926685,1.22,
2026-08-19,bittensor-subnets,Bittensor Subnets,914643389.5936593,42747716.24475795,0.0467,8.25244040247103,0.99,
2026-08-19,modular-blockchain,Modular Blockchain,468016730.4695757,131594510.48431219,0.2812,8.22463146523856,0.96,
2026-08-19,data-availability,Data Availability,3072743788.0815916,262828081.36929163,0.0855,8.173255976675312,0.91,
2026-08-19,fixed-interest,Fixed Interest,276149567.74126565,38385702.23151956,0.139,7.995190064938042,0.73,
2026-08-19,sidechain,SideChain,898543307.9575193,41051337.7656153,0.0457,7.985153418760284,0.72,
2026-08-19,virtuals-protocol-ecosystem,Virtuals Protocol Ecosystem,721307627.1614693,70817525.25360781,0.0982,7.936769707888142,0.67,
2026-08-19,lrtfi,LRTfi,250042551.86843753,38241893.371982686,0.1529,7.877707769729211,0.61,
2026-08-19,ether-fi-ecosystem,Ether.fi Ecosystem,531125304.69186336,68052205.92493479,0.1281,7.789479027721525,0.52,
2026-08-19,liquid-restaking-governance-token,Liquid Restaking Governance Tokens,805234283.6837602,99801569.27459802,0.1239,7.722821736053828,0.46,
2026-08-19,decentralized-science-desci,Decentralized Science (DeSci),293059244.4046942,35449873.44908562,0.121,7.643146561450773,0.38,
2026-08-19,privacy,Privacy,34296874292.136707,1969110065.7278094,0.0574,7.6283566214092176,0.36,
2026-08-19,restaking,Restaking,1094159640.1247032,175763938.02722505,0.1606,7.625063377083914,0.36,
2026-08-19,yield-aggregator,Yield Aggregator,289881309.4257674,23353304.935485743,0.0806,7.614518149193383,0.35,
2026-08-19,btcfi,BTCfi Protocol,496127115.4769174,152362157.82642928,0.3071,7.59262700325134,0.33,
2026-08-19,lsdfi,LSDFi,321823981.1713986,54950361.68328242,0.1707,7.568621737826644,0.3,
2026-08-19,4chan-themed,4chan-Themed,13822531930.271679,1048022476.8881081,0.0758,7.502258065159253,0.23,
2026-08-19,artificial-intelligence,Artificial Intelligence (AI),22572933156.031628,2163558689.6336994,0.0958,7.460829346796381,0.19,
2026-08-19,binance-launchpad,Binance Launchpad,1849376758.0755744,241275622.16041678,0.1305,7.279003605333964,0.01,
2026-08-19,metaverse,Metaverse,1843399183.5585983,136021389.4467637,0.0738,7.242739880079646,-0.02,
2026-08-19,pump-fun,Pump.fun Ecosystem,1454929936.8699496,204392171.45268527,0.1405,7.183316132948689,-0.08,
2026-08-19,rpg,RPG,300679937.95404214,152774447.55346707,0.5081,7.181868108617362,-0.09,
2026-08-19,automated-market-maker-amm,Automated Market Maker (AMM),5793274294.843435,659839314.7860928,0.1139,6.983715500991934,-0.28,
2026-08-19,dex-aggregator,Dex Aggregator,854596354.2206247,83179618.90407935,0.0973,6.98419913667547,-0.28,
2026-08-19,ip-meme,IP Meme,713520153.3437085,101565388.99788141,0.1423,6.973404007060766,-0.29,
2026-08-19,privacy-coins,Privacy Coins,17825189207.786575,620245478.8812256,0.0348,6.95785341472807,-0.31,
2026-08-19,bitcoin-layer-2,Bitcoin Sidechains,534488485.35134506,25925873.172723643,0.0485,6.897831175461612,-0.37,
2026-08-19,liquid-staking-governance-tokens,Liquid Staking Governance Tokens,853593089.5881742,139403654.2445181,0.1633,6.839227652690728,-0.43,
2026-08-19,decentralized-options,Options,10137829142.25549,37682003.016571835,0.0037,6.794691001605338,-0.47,
2026-08-19,dog-themed-coins,Dog-Themed,15785253388.039621,959522106.4669867,0.0608,6.776187115999723,-0.49,
2026-08-19,non-fungible-tokens-nft,NFT,4162472267.231304,578780485.0037674,0.139,6.709399848676805,-0.56,
2026-08-19,infrastructure,Infrastructure,20658635025.02362,1622342630.1921442,0.0785,6.654493453039582,-0.61,
2026-08-19,elon-musk-inspired-coins,Elon Musk-Inspired,11701428984.929976,756815263.8754396,0.0647,6.573544600722291,-0.69,
2026-08-19,prediction-markets,Prediction Markets,10099935252.426855,42223640.57296306,0.0042,6.550585820729178,-0.72,
2026-08-19,internet-of-things-iot,Internet of Things (IOT),847552211.2996519,37690758.026007,0.0445,6.4666009860421205,-0.8,
2026-08-19,gambling,Gambling (GambleFi),10460391104.019985,42757182.51959747,0.0041,6.341462402329817,-0.93,
2026-08-19,liquid-staking,Liquid Staking,1255869531.56735,317978555.29749256,0.2532,6.314793195173787,-0.95,
2026-08-19,parallel-evm,Parallelized EVM,610395212.3862039,63105518.47599437,0.1034,6.311495038473913,-0.96,
2026-08-19,privacy-blockchain,Privacy Blockchain,6054213503.174614,103112012.53603616,0.017,6.276997882404167,-0.99,
2026-08-19,crypto-card-issuer,Crypto Card Issuer,3129526266.3157463,16045764.955296595,0.0051,6.26769085152273,-1.0,
2026-08-19,gaming-utility-token,Gaming Utility Token,615736052.431579,83897160.87695223,0.1363,6.232123633686652,-1.04,
2026-08-19,ai-agent-launchpad,AI Agent Launchpad,1044185394.2315906,135493879.57400256,0.1298,6.163676805943421,-1.1,
2026-08-19,ai-agents,AI Agents,2692151934.4390826,307592982.5143724,0.1143,5.8831782190991575,-1.38,
2026-08-19,gaming-governance-token,Gaming Governance Token,441782675.30354077,67244334.52334744,0.1522,5.888685872787149,-1.38,
2026-08-19,airdropped-tokens-by-nft-projects,Airdropped Tokens by NFT Projects,630455643.5565283,98375014.09124704,0.156,5.834450707022975,-1.43,
2026-08-19,echo-launchpad,Echo Launchpad,280466005.8144143,87241867.02884334,0.3111,5.814319408159512,-1.45,
2026-08-19,synthetic-issuer,Synthetic Issuer,279416544.9778848,17971919.913985927,0.0643,5.774621852746862,-1.49,
2026-08-19,synthetic,Synthetic,274877881.7774062,33118077.837042198,0.1205,5.720509062177542,-1.55,
2026-08-19,depin,DePIN,7131542890.36042,501410359.7154944,0.0703,5.6740201742745855,-1.59,
2026-08-19,layer-2,Layer 2 (L2),7228157809.441924,593902658.3139302,0.0822,5.654693894274001,-1.61,
2026-08-19,storage,Storage,1309688123.3779042,98632200.04373762,0.0753,5.653327573253978,-1.61,
2026-08-19,exchange-based-tokens,Exchange-based Tokens,134998419575.56181,3638668447.152359,0.027,5.472235516543092,-1.8,
2026-08-19,yield-farming,Yield Farming,7560241896.8533745,966533689.2054163,0.1278,5.4650153244513096,-1.8,
2026-08-19,layer-0-l0,Layer 0 (L0),3835752760.8899436,247175249.27889866,0.0644,5.429802293686651,-1.84,
2026-08-19,simulation-games,Simulation Games,271127766.5228547,37137757.6931444,0.137,5.412127176436202,-1.86,
2026-08-19,lending-borrowing,Lending/Borrowing Protocols,4339803211.473366,358487274.37318575,0.0826,5.394261452145535,-1.87,
2026-08-19,directed-acyclic-graph-dag,Directed Acyclic Graph (DAG),4090367439.1479125,94178474.48644346,0.023,5.371538969903841,-1.9,
2026-08-19,curve-ecosystem,Curve Ecosystem,594510228.1067923,56620437.866162874,0.0952,5.346498063874328,-1.92,
2026-08-19,robotics,Robotics,669907010.0012519,70906965.5625857,0.1058,5.257799580649458,-2.01,
2026-08-19,launchpad,Launchpad,3698672777.9235535,390362440.2903526,0.1055,5.153248502635056,-2.11,
2026-08-19,play-to-earn,Play To Earn,1479604180.688417,151985299.45922458,0.1027,5.074770172200434,-2.19,
2026-08-19,timefi,TimeFi,250534969.1108051,5305006.099987021,0.0212,5.013222147947208,-2.25,
2026-08-19,morpho-ecosystem,Morpho Ecosystem,1435657936.767132,17709884.797452766,0.0123,4.512357503673132,-2.76,
2026-08-19,intent,Intent,264696214.08129078,25089419.04269337,0.0948,4.460798410509552,-2.81,
2026-08-19,bitcoin-fork,Bitcoin Fork,4696902986.77768,418049606.90208024,0.089,4.344281461564936,-2.92,
2026-08-19,sports,Sports,361059144.01283574,89001006.87711933,0.2465,4.334808522459593,-2.93,
2026-08-19,bridge-governance-tokens,Bridge Governance Tokens,418641098.3340541,43759097.833850935,0.1045,4.297458681197935,-2.97,
2026-08-19,ai-framework,AI Framework,1581830018.0479841,320219941.89579624,0.2024,4.220835640157704,-3.05,
2026-08-19,real-world-assets-rwa,Real World Assets (RWA),68653151141.57912,3674423106.5184093,0.0535,4.146883636697986,-3.12,
2026-08-19,defai,DeFAI,974211458.4406891,64659519.238303006,0.0664,4.102813503646488,-3.16,
2026-08-19,analytics,Analytics,1316287009.304347,214482327.8355581,0.1629,4.041993607464224,-3.23,
2026-08-19,wallets,Wallets,2436571735.3059864,79957678.94919306,0.0328,3.9789300093481574,-3.29,
2026-08-19,gaming-blockchains,Gaming Blockchains,755809481.358818,75618869.9394245,0.1001,3.8968141027711867,-3.37,
2026-08-19,buidlpad-launchpad,Buidlpad Launchpad,279932925.33942926,25775439.3849904,0.0921,3.8831269439138802,-3.38,
2026-08-19,xstocks-ecosystem,BackedFi xStocks Ecosystem,748848329.2795849,309772958.35041654,0.4137,3.8575570599541904,-3.41,
2026-08-19,gaming,Gaming (GameFi),3062995973.0393505,526059593.4000131,0.1717,3.77276241034385,-3.49,
2026-08-19,binance-wallet-ido,Binance Wallet IDO,1708282133.6984138,358629384.04015803,0.2099,3.7774369307835842,-3.49,
2026-08-19,centralized-exchange-token-cex,Centralized Exchange (CEX) Token,109611383627.91888,1518091625.07946,0.0138,3.5928519352899473,-3.67,
2026-08-19,mobile-mining,Mobile Mining,1049601217.9032362,7505099.221017637,0.0072,3.5400764836799166,-3.73,
2026-08-19,venice-ecosystem,Venice Ecosystem,772884009.580144,31323995.110658668,0.0405,3.131665377076557,-4.14,
2026-08-19,payment-solutions,Payment Solutions,2597998721.355987,133731773.07689111,0.0515,2.653940185244631,-4.61,
2026-08-19,telegram_apps,Telegram Apps,474550708.07497877,74207798.9474301,0.1564,2.5623615191907576,-4.71,
2026-08-19,ai-applications,AI Applications,2227924644.846089,144822082.8530208,0.065,2.54434407448108,-4.72,
2026-08-19,name-service,Name Service,849624397.9554958,21426721.26450372,0.0252,2.5393395825178766,-4.73,
2026-08-19,masternodes,Masternodes,1140241578.7424273,65034297.38729909,0.057,2.532314460491787,-4.74,
2026-08-19,account-abstraction,Account Abstraction,295120931.5076809,75959481.24017069,0.2574,2.387437991855906,-4.88,
2026-08-19,binance-hodler-airdrops,Binance HODLer Airdrops,1992000171.6826885,656265105.131803,0.3295,2.14439127029364,-5.12,
2026-08-19,socialfi,SocialFi,1993040492.7183468,204024494.28610614,0.1024,2.0873690527954554,-5.18,
2026-08-19,entertainment,Entertainment,468966585.6317425,39539969.940427825,0.0843,2.084881683828562,-5.18,
2026-08-19,trump-affiliated-tokens,Trump-Affiliated,6460752450.355561,2399382548.3131766,0.3714,1.9789138254118341,-5.29,
2026-08-19,base-native,Base Native,105933455161.29498,24826949842.244682,0.2344,1.8909480436798816,-5.38,
2026-08-19,asset-backed-tokens,Crypto-Backed Tokens,333631700.91019905,3449194002.5521164,10.3383,1.7588561045334485,-5.51,
2026-08-19,seigniorage,Seigniorage,272996918.4010028,2693435.379876625,0.0099,0.973312188236892,-6.29,
2026-08-19,vpn,VPN,664416394.5211575,11561958.900744913,0.0174,0.5880597651567842,-6.68,
2026-08-19,midas-liquid-yield-tokens,Midas Liquid Yield Tokens,295850328.43727785,0.0,,0.17944286842641494,-7.09,
2026-08-19,synthetic-dollar,Synthetic Dollar,1451499260.7859914,74164518.96194789,0.0511,0.022626450810559133,-7.24,
2026-08-19,tradable-ecosystem,Tradable Ecosystem,1212569053.6341949,0.0,,0.0,-7.27,
2026-08-19,yield-bearing-tokens,Yield-Bearing Tokens,2425059411.1262302,4485272.167396175,0.0018,-0.17172269879698915,-7.44,
2026-08-19,superstate-ecosystem,Superstate Ecosystem,882567965.5695742,0.0,,-6.420104159143193,-13.69,
2026-08-19,chinese-meme,Chinese Meme,639888439.7486935,49602530.307858035,0.0775,-6.642045686280115,-13.91,
2026-08-19,four-meme-ecosystem,Four.meme Ecosystem (BNB Memes),610389902.5405068,64150416.2822486,0.1051,-7.052417700454715,-14.32,
2026-08-20,politifi,PolitiFi,579904415.154655,296389097.01202095,0.5111,22.924610812110487,14.85,
2026-08-20,robinhood-chain-meme,Robinhood Chain Meme,372048300.9854453,70395964.8453165,0.1892,21.36629940559064,13.29,
2026-08-20,decentralized-derivatives,Derivatives,17379886490.34899,1587399408.6207736,0.0913,17.76230624989136,9.69,
2026-08-20,decentralized-perpetuals,Perpetuals,19973226702.819202,1727996557.8851585,0.0865,15.804771858724898,7.73,
2026-08-20,stock-market-themed,Stock market-themed,356276885.5264333,11776294.031594051,0.0331,15.558892894426366,7.49,
2026-08-20,fixed-interest,Fixed Interest,291452168.76545143,42275916.500739686,0.1451,15.459344211711192,7.39,
2026-08-20,yield-tokenization,Yield Tokenization Protocol,260560558.79939988,42107121.43386189,0.1616,14.5608895931292,6.49,
2026-08-20,decentralized-exchange,Decentralized Exchange (DEX),26302569717.07278,2396096355.095501,0.0911,14.550077200650351,6.48,
2026-08-20,lrtfi,LRTfi,262026563.3027884,42147560.55057954,0.1609,14.387191794149182,6.31,
2026-08-20,murad-picks,Murad Picks,472090154.0352255,32447370.328829885,0.0687,14.232810461175523,6.16,
2026-08-20,identity,Decentralized Identifier (DID),1955890868.3113232,278547612.672312,0.1424,13.749857857005887,5.68,
2026-08-20,superchain-ecosystem,Optimism Superchain Ecosystem,1606719979.348738,292160727.1671807,0.1818,13.586241869849589,5.51,
2026-08-20,cat-themed-coins,Cat-Themed,527276929.41815674,68556436.71303703,0.13,13.489049471812473,5.42,
2026-08-20,privacy-infrastructure,Privacy Infrastructure,12241091903.289156,1073622645.8731095,0.0877,13.334841038350797,5.26,
2026-08-20,lsdfi,LSDFi,333909140.05754083,57893740.73114565,0.1734,12.711825167356402,4.64,
2026-08-20,meme-token,Meme,28033893718.823246,2473124345.3228235,0.0882,12.463549757052434,4.39,
2026-08-20,mev-protection,MEV Protection,534095793.90542525,21006582.84252512,0.0393,12.45228866503101,4.38,
2026-08-20,governance,Governance,33384573996.839264,3393586359.2453423,0.1017,12.170481354387732,4.1,
2026-08-20,the-boy-s-club,The Boy’s Club,1555051672.0599303,267397983.67099833,0.172,12.090793288184262,4.02,
2026-08-20,decentralized-science-desci,Decentralized Science (DeSci),298474319.5455644,39476874.58788121,0.1323,12.054506446948423,3.98,
2026-08-20,ai-meme-coins,AI Meme,768880868.9553953,92086858.17106763,0.1198,12.02320468848085,3.95,
2026-08-20,frog-themed-coins,Frog-Themed,1679832978.2297513,326469471.43596524,0.1943,11.959442532688417,3.89,
2026-08-20,btcfi,BTCfi Protocol,509382537.76452935,153106877.83918583,0.3006,11.05065459431601,2.98,
2026-08-20,virtuals-protocol-ecosystem,Virtuals Protocol Ecosystem,743813266.254265,74864293.81410438,0.1006,10.931459321288237,2.86,
2026-08-20,rollup,Rollup,1335879714.648481,202097119.81224102,0.1513,10.848901866550435,2.78,
2026-08-20,solana-meme-coins,Solana Meme,2833206019.845165,679099069.7064431,0.2397,10.797167802838535,2.72,
2026-08-20,chain-abstraction,Chain Abstraction,10296530159.156475,952972524.3619965,0.0926,10.659969412274,2.59,
2026-08-20,coinlist-launchpad,CoinList Launchpad,57699117556.61887,5373592961.232646,0.0931,10.56692705177163,2.49,
2026-08-20,oracle,Oracle,8644953608.642904,845777332.6373125,0.0978,10.514024638931415,2.44,
2026-08-20,x402-ecosystem,x402 Ecosystem,8641785002.986303,774427136.7875558,0.0896,10.35829643048528,2.29,
2026-08-20,neobank,Neobank,2530657922.310943,178523269.9168157,0.0705,10.22828690137064,2.16,
2026-08-20,quantum-resistant,Quantum-Resistant,10622080094.081505,578369229.6601614,0.0544,10.203002420884784,2.13,
2026-08-20,rwa-protocol,RWA Protocol,10500715971.068047,1129460857.609721,0.1076,10.062011546201846,1.99,
2026-08-20,cross-chain-communication,Cross-chain Communication,9114806584.250612,861380332.8269233,0.0945,10.037611529411368,1.96,
2026-08-20,decentralized-finance-defi,Decentralized Finance (DeFi),64415312618.66656,5242092879.096437,0.0814,9.78431926112447,1.71,
2026-08-20,binance-alpha-spotlight,Binance Alpha Spotlight,17384472129.33638,1631775594.997234,0.0939,9.572443786676093,1.5,
2026-08-20,automated-market-maker-amm,Automated Market Maker (AMM),5925624325.255114,719205108.9444627,0.1214,9.488126026824538,1.42,
2026-08-20,layer-1,Layer 1 (L1),2002690889909.2998,91215075344.17117,0.0455,9.453506704296888,1.38,
2026-08-20,4chan-themed,4chan-Themed,13998362258.454727,1188490953.7282703,0.0849,9.415332032630412,1.34,
2026-08-20,bittensor-subnets,Bittensor Subnets,927457299.6622992,45712345.387203336,0.0493,9.32630148054864,1.25,
2026-08-20,binance-launchpool,Binance Launchpool,5145609343.082108,904063277.5458745,0.1757,9.179318638778405,1.11,
2026-08-20,liquid-restaking-governance-token,Liquid Restaking Governance Tokens,813872031.6440617,104545460.8201716,0.1285,9.074835686552186,1.0,
2026-08-20,zero-knowledge-zk,Zero Knowledge (ZK),12605386169.048569,790731209.4935199,0.0627,9.033724916414872,0.96,
2026-08-20,bstocks-ecosystem,bStocks Ecosystem,485596501.36683124,589715012.717539,1.2144,9.037799991235037,0.96,
2026-08-20,data-availability,Data Availability,3089299677.1677113,264581220.44631767,0.0856,8.83506967465979,0.76,
2026-08-20,metaverse,Metaverse,1858223543.4579043,136780882.58538884,0.0736,8.58292518036954,0.51,
2026-08-20,restaking,Restaking,1101419148.988648,186476748.78046235,0.1693,8.558121543457595,0.49,
2026-08-20,elon-musk-inspired-coins,Elon Musk-Inspired,11855999278.941908,854896362.8351126,0.0721,8.536931586429994,0.46,
2026-08-20,sidechain,SideChain,902034688.9681902,41049976.590372525,0.0455,8.517980464373661,0.45,
2026-08-20,defai,DeFAI,1008400601.172105,67884232.72792862,0.0673,8.363259128407595,0.29,
2026-08-20,privacy,Privacy,34384461104.21205,2030596476.131958,0.0591,8.285235565285314,0.21,
2026-08-20,yield-aggregator,Yield Aggregator,292825002.45037246,23017434.4901904,0.0786,8.260282440977733,0.19,
2026-08-20,dog-themed-coins,Dog-Themed,15953739434.985483,1076503825.9445367,0.0675,8.19138779482296,0.12,
2026-08-20,liquid-staking,Liquid Staking,1270654470.5754945,333852978.04225904,0.2627,8.19243871727625,0.12,
2026-08-20,crypto-card-issuer,Crypto Card Issuer,3182672517.257171,18555695.985364713,0.0058,8.136359166740945,0.06,
2026-08-20,liquid-staking-governance-tokens,Liquid Staking Governance Tokens,859637994.7146218,147031855.5555582,0.171,8.13564426457122,0.06,
2026-08-20,artificial-intelligence,Artificial Intelligence (AI),22656215807.44028,2240072050.473641,0.0989,8.002731670324643,-0.07,
2026-08-20,ip-meme,IP Meme,718412885.6280752,127707469.40981095,0.1778,7.889402858374394,-0.18,
2026-08-20,dex-aggregator,Dex Aggregator,857807777.1887507,85541278.17258163,0.0997,7.822069506611067,-0.25,
2026-08-20,pump-fun,Pump.fun Ecosystem,1455244572.9225209,201524424.22111562,0.1385,7.764027833788203,-0.31,
2026-08-20,privacy-coins,Privacy Coins,17875081328.544033,642507450.0753559,0.0359,7.748615065169222,-0.32,
2026-08-20,curve-ecosystem,Curve Ecosystem,605387201.7240655,61255428.235225804,0.1012,7.747677659240212,-0.33,
2026-08-20,bitcoin-layer-2,Bitcoin Sidechains,541138372.3488767,29591036.54877437,0.0547,7.701349210550272,-0.37,
2026-08-20,binance-launchpad,Binance Launchpad,1862762364.0555599,248587019.56359375,0.1335,7.62081169026002,-0.45,
2026-08-20,rpg,RPG,299810911.5023686,143486189.78393924,0.4786,7.5874422407791045,-0.49,
2026-08-20,launchpad,Launchpad,3790170204.112609,438080925.2458344,0.1156,7.509284239499,-0.56,
2026-08-20,modular-blockchain,Modular Blockchain,467629046.4913285,126342687.3795447,0.2702,7.476599778539918,-0.6,
2026-08-20,internet-of-things-iot,Internet of Things (IOT),855433604.7261984,37389924.94655822,0.0437,7.456107494698433,-0.62,
2026-08-20,non-fungible-tokens-nft,NFT,4179360565.008024,574234662.4036262,0.1374,7.251150608043091,-0.82,
2026-08-20,ai-agent-launchpad,AI Agent Launchpad,1057276319.5004973,135326719.59815145,0.128,7.2276013716917165,-0.85,
2026-08-20,gaming-governance-token,Gaming Governance Token,443786899.3603953,68976331.3468163,0.1554,7.2174344724014405,-0.86,
2026-08-20,simulation-games,Simulation Games,275492449.26194644,38631026.44705388,0.1402,7.183145069206201,-0.89,
2026-08-20,synthetic-issuer,Synthetic Issuer,282076614.885214,18729193.383633558,0.0664,7.054227078940832,-1.02,
2026-08-20,gaming-utility-token,Gaming Utility Token,619488187.3740131,82660325.09362577,0.1334,7.047327152748223,-1.03,
2026-08-20,morpho-ecosystem,Morpho Ecosystem,1456199087.9088006,18434458.688154887,0.0127,7.018720940110165,-1.05,
2026-08-20,synthetic,Synthetic,277501847.6776043,34425795.940719604,0.1241,7.014370713467731,-1.06,
2026-08-20,lending-borrowing,Lending/Borrowing Protocols,4389358476.381985,368783266.6883563,0.084,6.988833397967754,-1.08,
2026-08-20,infrastructure,Infrastructure,20687364091.42874,1673074868.165103,0.0809,6.970431511538765,-1.1,
2026-08-20,ai-agents,AI Agents,2712407349.9383597,309016897.860394,0.1139,6.946490740036417,-1.13,
2026-08-20,echo-launchpad,Echo Launchpad,282895764.7255467,90072092.9419325,0.3184,6.889257078209625,-1.18,
2026-08-20,privacy-blockchain,Privacy Blockchain,6048635564.760958,106769456.04215688,0.0177,6.842389139571218,-1.23,
2026-08-20,ether-fi-ecosystem,Ether.fi Ecosystem,527679677.43287873,69414077.48412928,0.1315,6.819947202292016,-1.25,
2026-08-20,decentralized-options,Options,10135295189.90022,37106108.44591065,0.0037,6.802560723985922,-1.27,
2026-08-20,airdropped-tokens-by-nft-projects,Airdropped Tokens by NFT Projects,635138631.2093819,123310484.7944792,0.1941,6.630323655350562,-1.44,
2026-08-20,prediction-markets,Prediction Markets,10100623638.731209,41363632.130203575,0.0041,6.595713187958915,-1.48,
2026-08-20,depin,DePIN,7173726682.399778,516276490.0087169,0.072,6.403087788681981,-1.67,
2026-08-20,gambling,Gambling (GambleFi),10462283525.735563,42026885.11544133,0.004,6.397404487437726,-1.68,
2026-08-20,parallel-evm,Parallelized EVM,616431298.713595,66276180.337539494,0.1075,6.316376801976431,-1.76,
2026-08-20,robotics,Robotics,675918553.0758713,73962114.67442289,0.1094,6.20118201516839,-1.87,
2026-08-20,play-to-earn,Play To Earn,1487106905.7585301,153459241.240416,0.1032,6.196806907248808,-1.88,
2026-08-20,socialfi,SocialFi,2077158425.5013714,230786119.15596172,0.1111,6.114809402677154,-1.96,
2026-08-20,cefi,CeFi,370187428.27962846,9691961.185031109,0.0262,5.942048763941166,-2.13,
2026-08-20,exchange-based-tokens,Exchange-based Tokens,135023063772.90225,3939799286.9924197,0.0292,5.776644646494896,-2.3,
2026-08-20,layer-2,Layer 2 (L2),7261058395.862799,610574689.1879545,0.0841,5.653116202042752,-2.42,
2026-08-20,layer-0-l0,Layer 0 (L0),3854870845.028074,258484588.47734264,0.0671,5.574149596531999,-2.5,
2026-08-20,storage,Storage,1311776523.4489021,103509153.56958853,0.0789,5.570790718713607,-2.5,
2026-08-20,directed-acyclic-graph-dag,Directed Acyclic Graph (DAG),4101899373.19326,94911806.38842481,0.0231,5.450041838155516,-2.62,
2026-08-20,binance-wallet-ido,Binance Wallet IDO,1730749844.9676237,319345618.3395065,0.1845,5.433884887791553,-2.64,
2026-08-20,mobile-mining,Mobile Mining,1055865296.1535697,7657745.281658459,0.0073,5.237787292580238,-2.84,
2026-08-20,timefi,TimeFi,258007261.15578184,7400334.877042641,0.0287,5.1802775707524,-2.89,
2026-08-20,yield-farming,Yield Farming,7623679620.509856,956831763.0158331,0.1255,4.999132457548725,-3.07,
2026-08-20,bitcoin-fork,Bitcoin Fork,4720396305.844329,512177724.88991255,0.1085,4.968469084120998,-3.1,
2026-08-20,intent,Intent,264034625.0206412,23120489.32269707,0.0876,4.821011236269259,-3.25,
2026-08-20,sports,Sports,357222137.8775478,82191196.75711368,0.2301,4.813566547325929,-3.26,
2026-08-20,bridge-governance-tokens,Bridge Governance Tokens,418343305.1572865,45436245.90540009,0.1086,4.742222224506921,-3.33,
2026-08-20,analytics,Analytics,1325522092.7328262,212709521.337803,0.1605,4.726588296990696,-3.35,
2026-08-20,xstocks-ecosystem,BackedFi xStocks Ecosystem,752976429.8538221,320878835.17799586,0.4261,4.717692079558968,-3.36,
2026-08-20,gaming-blockchains,Gaming Blockchains,760264792.2213765,75654434.98865166,0.0995,4.564967450424396,-3.51,
2026-08-20,real-world-assets-rwa,Real World Assets (RWA),68791399247.2622,3795635836.199296,0.0552,4.51336278859481,-3.56,
2026-08-20,gaming,Gaming (GameFi),3075525678.477383,518195513.0530222,0.1685,4.515325946249081,-3.56,
2026-08-20,buidlpad-launchpad,Buidlpad Launchpad,281299036.99085253,24721091.77663115,0.0879,4.37917947205091,-3.69,
2026-08-20,wallets,Wallets,2436354457.6343927,80603210.07008876,0.0331,4.330090173258313,-3.74,
2026-08-20,entertainment,Entertainment,471927515.4067092,41190819.13304747,0.0873,4.224365174255149,-3.85,
2026-08-20,ai-applications,AI Applications,2254238148.043846,163748052.72711584,0.0726,4.142230707868719,-3.93,
2026-08-20,binance-hodler-airdrops,Binance HODLer Airdrops,2004524010.888936,690407716.5757318,0.3444,4.025287087284982,-4.05,
2026-08-20,venice-ecosystem,Venice Ecosystem,778814822.5969313,32375940.64924938,0.0416,3.9968741128121037,-4.08,
2026-08-20,ai-framework,AI Framework,1585586523.7597947,314079988.37841517,0.1981,3.9780796737651425,-4.09,
2026-08-20,centralized-exchange-token-cex,Centralized Exchange (CEX) Token,109667573747.23933,1638395958.7026618,0.0149,3.9398010337668152,-4.13,
2026-08-20,account-abstraction,Account Abstraction,296331436.1825617,74523188.94546957,0.2515,3.7473925586619785,-4.33,
2026-08-20,payment-solutions,Payment Solutions,2591485342.2514935,126462823.75234216,0.0488,3.5312251475387644,-4.54,
2026-08-20,masternodes,Masternodes,1145066775.2440903,68128071.27053033,0.0595,2.9486462565323293,-5.12,
2026-08-20,asset-backed-tokens,Crypto-Backed Tokens,335462846.56717414,3539749652.552459,10.5518,2.6710753175597297,-5.4,
2026-08-20,base-native,Base Native,106210539074.83182,26298349660.742638,0.2476,2.334624490279474,-5.74,
2026-08-20,name-service,Name Service,849809289.1362497,22469511.636389185,0.0264,2.3184382811867086,-5.75,
2026-08-20,telegram_apps,Telegram Apps,472398766.7288706,74241633.21436566,0.1572,2.232346408677982,-5.84,
2026-08-20,trump-affiliated-tokens,Trump-Affiliated,6469474439.875665,2663362497.8439193,0.4117,2.086626554447441,-5.99,
2026-08-20,seigniorage,Seigniorage,273597415.55267996,2741285.981244569,0.01,1.176564937530037,-6.9,
2026-08-20,vpn,VPN,664507975.5841861,11580333.675351085,0.0174,0.33438860053017033,-7.74,
2026-08-20,midas-liquid-yield-tokens,Midas Liquid Yield Tokens,295707712.684783,0.0,,0.14628523931589385,-7.93,
2026-08-20,yield-bearing-tokens,Yield-Bearing Tokens,2423393973.556947,7868396.401595173,0.0032,0.07893924822568824,-7.99,
2026-08-20,synthetic-dollar,Synthetic Dollar,1451634295.1109478,75445284.09760183,0.052,0.028893442505000557,-8.04,
2026-08-20,tradable-ecosystem,Tradable Ecosystem,1212569053.6341949,0.0,,0.0,-8.07,
2026-08-20,superstate-ecosystem,Superstate Ecosystem,914746982.443512,0.0,,-3.8642430016758227,-11.94,
2026-08-20,chinese-meme,Chinese Meme,641206377.9595947,46560453.08296589,0.0726,-4.96582688632145,-13.04,
2026-08-20,four-meme-ecosystem,Four.meme Ecosystem (BNB Memes),613565678.5768782,67673381.93360853,0.1103,-5.497995316692885,-13.57,
